,all,Standing,Elevator-up,Walking-forward,Sitting,Walking-downstairs,Sleeping,Elevator-down,Walking-upstairs,Jumping,Walking-right,Walking-left,Running
lr_all,0.804009255551,0.966025897744,0.947069817114,0.930850353758,0.986272415788,0.972478084813,0.99975526187,0.945935122147,0.979219507854,0.998242335247,0.948160014239,0.938437235794,0.995572464735
rf_all,0.881858229876,0.975103457482,0.950028923597,0.973145552441,0.992746851778,0.988742046011,0.999822008633,0.951630845904,0.98393627909,0.99855382014,0.975748676189,0.976349397054,0.997908601433
svm_all,0.812708583634,0.965113691986,0.947381302007,0.935233391181,0.986161171183,0.976349397054,1.0,0.94624660704,0.978285053175,0.997953099275,0.952142571085,0.942842522138,0.997708361144
