,all,Standing,Walking,Upstairs,Sitting,Jogging,Downstairs
lr_all,0.956332795963,0.995373939861,0.976519240205,0.97287446555,0.995654307142,0.993972103456,0.978271535712
rf_all,0.959907478797,0.998177612673,0.983248054952,0.970000700918,0.997827153571,0.991729165206,0.978832270274
svm_all,0.98268732039,0.99502348076,0.99264035887,0.993060909792,0.994743113479,0.996986051728,0.992920726151
