,all,Standing,Elevator-up,Walking-forward,Sitting,Walking-downstairs,Sleeping,Elevator-down,Walking-upstairs,Jumping,Walking-right,Walking-left,Running
lr_spl_11,0.414968184043,0.890073421439,0.916632403328,0.703357807146,0.959373470387,0.900812530592,1.0,0.912579539892,0.923749388155,0.965570239843,0.857670093,0.877542829173,0.92257464513
svm_spl_11,0.740195790504,0.963181595693,0.934371023005,0.912794909447,0.985668135095,0.962545276554,0.999941262849,0.934204601077,0.964640234949,0.9858639256,0.929437102301,0.930024473813,0.977719040627
rf_spl_11,0.736495349976,0.978600097895,0.946069505629,0.883524229075,0.992697014195,0.954762604014,1.0,0.947890357318,0.959520313265,0.987479197259,0.924268232991,0.92588350465,0.972295643661
