,all,Standing,Walking,Upstairs,Sitting,Jogging,Downstairs
lr_spl_11,0.581310717039,0.947293754819,0.612891287587,0.892151117965,0.990778720123,0.801141094834,0.918365458751
svm_spl_11,0.768882035466,0.962744795682,0.844070932922,0.893693138011,0.995312259059,0.925489591365,0.916453353894
rf_spl_11,0.794880493446,0.986615265998,0.857023901311,0.902976098689,0.997872012336,0.921079414032,0.924194294526
