,all,Standing,Elevator-up,Walking-forward,Sitting,Walking-downstairs,Sleeping,Elevator-down,Walking-upstairs,Jumping,Walking-right,Walking-left,Running
lr_ssa_20,0.641713166911,0.934929025942,0.92704845815,0.88539402839,0.941742535487,0.931972589329,0.994194811552,0.941282427802,0.934517865884,0.996632403328,0.906177190406,0.894880078316,0.994654919236
lr_expert,0.665697503671,0.935819872736,0.939696524719,0.866255506608,0.978061674009,0.950876162506,1.0,0.937474302496,0.9459030837,0.992716593245,0.902643171806,0.894596182085,0.987351933431
lr_ar_20,0.648164464023,0.934968184043,0.945511502692,0.864620655898,0.949946157611,0.93364659814,0.978443465492,0.943230543319,0.950866372981,0.990151737641,0.905266764562,0.906549192364,0.993127753304
svm_ar_20,0.707870778267,0.949828683309,0.943387175722,0.900685266765,0.966235927558,0.940626529613,0.982398433676,0.94118453255,0.956319138522,0.99033773862,0.923602545277,0.924571708272,0.996563876652
svm_ssa_20,0.626656877141,0.978159569261,0.946441507587,0.948595203133,0.979970631424,0.941811062163,0.982251590798,0.946950562898,0.955859030837,0.963739598629,0.726089084679,0.945726872247,0.937719040627
svm_expert,0.835457660303,0.957131669114,0.937327459618,0.961703377386,0.983573176701,0.984444444444,0.999882525698,0.9364659814,0.982476749878,0.998521781694,0.969006363191,0.962320117474,0.998061674009
rf_ar_20,0.703935389134,0.942927068037,0.94657856094,0.893989231522,0.962202643172,0.958012726383,0.98165442976,0.945687714146,0.947263827704,0.986676456192,0.923504650024,0.928056779246,0.99131669114
rf_expert,0.871698482624,0.975868820362,0.950034263338,0.969300048948,0.992187958884,0.985844346549,0.999951052374,0.949691629956,0.980538423886,0.998277043563,0.972794909447,0.97221732746,0.99669114048
rf_ssa_20,0.842466960352,0.966216348507,0.948056779246,0.963299069995,0.97622124327,0.979676945668,0.995193343123,0.948242780225,0.977944199706,0.997953989232,0.965119921684,0.96966226138,0.997347038669
